<application>
  <component name="aws">
    <option name="QMigrationNotificationShownOnce" value="true" />
    <option name="autoUpdateFeatureNotificationShownOnce" value="true" />
    <option name="promptedForTelemetry" value="true" />
  </component>
  <component name="executables">
    <option name="value">
      <list>
        <ExecutableState>
          <option name="autoResolved" value="true" />
          <option name="executablePath" value="/usr/local/bin/sam" />
          <option name="id" value="samCli" />
          <option name="lastKnownFileTime" value="1636424376615" />
        </ExecutableState>
      </list>
    </option>
  </component>
  <component name="notificationEtag">
    <option name="etag" value="&quot;3eb1f87f15ff45ce98e7109ce35d188a&quot;" />
  </component>
</application>