<application>
  <component name="ExternalDiffSettings">
    <option name="MIGRATE_OLD_SETTINGS" value="true" />
  </component>
  <component name="TextDiffSettings">
    <option name="PLACES_MAP">
      <entry key="TestsFiledAssertions">
        <PlaceSettings>
          <option name="BREADCRUMBS_PLACEMENT" value="TOP" />
          <option name="SHOW_INDENT_LINES" value="true" />
          <option name="SHOW_WHITESPACES" value="true" />
        </PlaceSettings>
      </entry>
    </option>
  </component>
</application>