<application>
  <component name="MaterialThemeNewConfig">
    <option name="accentState">
      <MTAccentConfigState>
        <option name="accentColorHex" value="961b17" />
        <option name="overrideAccentColor" value="false" />
      </MTAccentConfigState>
    </option>
    <option name="contrastState">
      <MTContrastConfigState>
        <option name="contrastMode" value="true" />
      </MTContrastConfigState>
    </option>
    <option name="metadata">
      <MTMetadataState>
        <option name="migrated" value="true" />
        <option name="pristineConfig" value="false" />
        <option name="userId" value="dd31d22:171d68546c0:-8000" />
        <option name="version" value="9.7.0" />
        <option name="wizardShown" value="true" />
      </MTMetadataState>
    </option>
    <option name="themeState">
      <MTThemeConfigState>
        <option name="selectedThemeName" value="NATIVE" />
      </MTThemeConfigState>
    </option>
    <option name="uiComponentsState">
      <MTUiComponentsConfigState>
        <option name="upperCaseButtons" value="false" />
      </MTUiComponentsConfigState>
    </option>
  </component>
</application>