<application>
  <component name="MaterialThemeConfig">
    <option name="contrastMode" value="true" />
    <option name="highContrast" value="true" />
    <option name="overrideAccentColor" value="false" />
    <option name="upperCaseButtons" value="false" />
    <option name="isContrastMode" value="true" />
    <option name="isHighContrast" value="true" />
    <option name="isOverrideAccentColor" value="false" />
    <option name="isUpperCaseButtons" value="false" />
    <option name="accentColor" value="961b17" />
    <option name="selectedTheme" value="NATIVE" />
    <option name="userId" value="dd31d22:171d68546c0:-8000" />
    <option name="version" value="7.11.0" />
    <option name="pristineConfig" value="false" />
  </component>
</application>