<application>
  <component name="ProfilerRunConfigurations">
    <profilerRunConfigurations>
      <item configurationTypeId="PprofCpuConfigurationType">
        <PprofCpuState name="CPU Profiler" />
      </item>
      <item configurationTypeId="PprofMemoryConfigurationType">
        <PprofMemoryState name="Memory Profiler">
          <option name="profileRate" />
        </PprofMemoryState>
      </item>
      <item configurationTypeId="PprofBlockingConfigurationType">
        <PprofBlockingState name="Blocking Profiler">
          <option name="profileRate" />
        </PprofBlockingState>
      </item>
      <item configurationTypeId="PprofMutexConfigurationType">
        <PprofMutexState name="Mutex Profiler">
          <option name="profileFraction" />
        </PprofMutexState>
      </item>
      <item configurationTypeId="IntellijProfilerConfiguration">
        <IntellijProfilerConfigurationState name="IntelliJ Profiler" />
      </item>
    </profilerRunConfigurations>
    <knownConfigurationTypes>
      <id>PprofCpuConfigurationType</id>
      <id>PprofMemoryConfigurationType</id>
      <id>PprofBlockingConfigurationType</id>
      <id>PprofMutexConfigurationType</id>
      <id>IntellijProfilerConfiguration</id>
      <id>AsyncProfilerCPUConfiguration</id>
      <id>AsyncProfilerMemoryConfiguration</id>
      <id>AsyncProfilerConfiguration</id>
      <id>JFRSimpleConfiguration</id>
    </knownConfigurationTypes>
    <migrationStatus>
      <status languageGroup="Java Profiler Configuration Type" lastMigrationIndex="3" />
    </migrationStatus>
  </component>
</application>