<application>
  <component name="DimensionService">
    <size key="GridCell.Tab.0.left.0.0.3456.2234@192dpi" width="3292" height="814" />
    <size key="GridCell.Tab.0.center.0.0.3456.2234@192dpi" width="3292" height="814" />
    <size key="GridCell.Tab.0.right.0.0.3456.2234@192dpi" width="3292" height="814" />
    <size key="GridCell.Tab.0.bottom.0.0.3456.2234@192dpi" width="3292" height="814" />
    <size key="GridCell.Tab.1.left.0.0.3456.2234@192dpi" width="3292" height="814" />
    <size key="GridCell.Tab.1.center.0.0.3456.2234@192dpi" width="3292" height="814" />
    <size key="GridCell.Tab.1.right.0.0.3456.2234@192dpi" width="3292" height="814" />
    <size key="GridCell.Tab.1.bottom.0.0.3456.2234@192dpi" width="3292" height="814" />
    <size key="GridCell.Tab.0.left.0.0.1920.1080" width="1646" height="697" />
    <size key="GridCell.Tab.0.center.0.0.1920.1080" width="1646" height="697" />
    <size key="GridCell.Tab.0.right.0.0.1920.1080" width="1646" height="697" />
    <size key="GridCell.Tab.0.bottom.0.0.1920.1080" width="1646" height="697" />
    <size key="GridCell.Tab.2.left.0.0.3456.2234@192dpi" width="3292" height="814" />
    <size key="GridCell.Tab.2.center.0.0.3456.2234@192dpi" width="3292" height="814" />
    <size key="GridCell.Tab.2.right.0.0.3456.2234@192dpi" width="3292" height="814" />
    <size key="GridCell.Tab.2.bottom.0.0.3456.2234@192dpi" width="3292" height="814" />
    <size key="GridCell.Tab.3.left.0.0.3456.2234@192dpi" width="3292" height="814" />
    <size key="GridCell.Tab.3.center.0.0.3456.2234@192dpi" width="3292" height="814" />
    <size key="GridCell.Tab.3.right.0.0.3456.2234@192dpi" width="3292" height="814" />
    <size key="GridCell.Tab.3.bottom.0.0.3456.2234@192dpi" width="3292" height="814" />
    <size key="GridCell.Tab.4.left.0.0.3456.2234@192dpi" width="3292" height="814" />
    <size key="GridCell.Tab.4.center.0.0.3456.2234@192dpi" width="3292" height="814" />
    <size key="GridCell.Tab.4.right.0.0.3456.2234@192dpi" width="3292" height="814" />
    <size key="GridCell.Tab.4.bottom.0.0.3456.2234@192dpi" width="3292" height="814" />
    <size key="GridCell.Tab.1.left.0.0.1920.1080" width="1646" height="697" />
    <size key="GridCell.Tab.1.center.0.0.1920.1080" width="1646" height="697" />
    <size key="GridCell.Tab.1.right.0.0.1920.1080" width="1646" height="697" />
    <size key="GridCell.Tab.1.bottom.0.0.1920.1080" width="1646" height="697" />
    <size key="GridCell.Tab.2.left.0.0.1920.1080" width="1646" height="697" />
    <size key="GridCell.Tab.2.center.0.0.1920.1080" width="1646" height="697" />
    <size key="GridCell.Tab.2.right.0.0.1920.1080" width="1646" height="697" />
    <size key="GridCell.Tab.2.bottom.0.0.1920.1080" width="1646" height="697" />
    <size key="GridCell.Tab.3.left.0.0.1920.1080" width="1646" height="697" />
    <size key="GridCell.Tab.3.center.0.0.1920.1080" width="1646" height="697" />
    <size key="GridCell.Tab.3.right.0.0.1920.1080" width="1646" height="697" />
    <size key="GridCell.Tab.3.bottom.0.0.1920.1080" width="1646" height="697" />
    <size key="GridCell.Tab.4.left.0.0.1920.1080" width="1646" height="697" />
    <size key="GridCell.Tab.4.center.0.0.1920.1080" width="1646" height="697" />
    <size key="GridCell.Tab.4.right.0.0.1920.1080" width="1646" height="697" />
    <size key="GridCell.Tab.4.bottom.0.0.1920.1080" width="1646" height="697" />
  </component>
  <component name="WindowManager">
    <frame x="1928" y="33" width="2544" height="1399" extendedState="6" />
  </component>
  <component name="WindowStateApplicationService">
    <state width="658" height="198" key="ShowUsagesActions.dimensionServiceKey" timestamp="1738260862525">
      <screen x="0" y="38" width="1728" height="1079" />
    </state>
    <state width="658" height="198" key="ShowUsagesActions.dimensionServiceKey/0.38.1728.1079" timestamp="1738260862525" />
    <state x="3200" y="605" width="800" height="650" key="WELCOME_SCREEN" timestamp="1738352041414">
      <screen x="1920" y="25" width="2560" height="1415" />
    </state>
    <state x="3200" y="605" width="800" height="650" key="WELCOME_SCREEN/0.25.1920.1055/1920.25.2560.1415" timestamp="1738352041414" />
  </component>
</application>