<keymap version="1" name="macOS copy" parent="Mac OS X 10.5+">
  <action id="CollapseSelection" />
  <action id="CompareTwoFiles" />
  <action id="Console.TableResult.CompareCells" />
  <action id="Diff.FocusOppositePane" />
  <action id="Diff.FocusOppositePaneAndScroll" />
  <action id="Diff.ShowDiff" />
  <action id="Diff.ShowSettingsPopup" />
  <action id="EditorDuplicate" />
  <action id="EditorScrollToCenter" />
  <action id="FileChooser.GotoDesktop" />
  <action id="GuiDesigner.Duplicate" />
  <action id="MoveTabDown">
    <keyboard-shortcut first-keystroke="shift meta d" />
  </action>
  <action id="MoveTabRight">
    <keyboard-shortcut first-keystroke="meta d" />
  </action>
  <action id="NextSplitter">
    <keyboard-shortcut first-keystroke="ctrl h" />
  </action>
  <action id="NextTab">
    <keyboard-shortcut first-keystroke="shift meta close_bracket" />
    <keyboard-shortcut first-keystroke="ctrl tab" />
  </action>
  <action id="PrevSplitter">
    <keyboard-shortcut first-keystroke="ctrl l" />
  </action>
  <action id="PreviousTab">
    <keyboard-shortcut first-keystroke="shift ctrl tab" />
  </action>
  <action id="RunDashboard.CopyConfiguration" />
  <action id="SendEOF" />
  <action id="ShowIntentionActions">
    <keyboard-shortcut first-keystroke="alt enter" />
    <keyboard-shortcut first-keystroke="shift enter" />
  </action>
  <action id="Stop">
    <keyboard-shortcut first-keystroke="meta f2" />
    <keyboard-shortcut first-keystroke="meta period" />
  </action>
  <action id="Switcher" />
  <action id="TypeHierarchy" />
  <action id="TypeHierarchyBase.BaseOnThisType" />
  <action id="Uml.ShowDiff" />
  <action id="XDebugger.CopyWatch" />
  <action id="openAssertEqualsDiff" />
</keymap>