<keymap version="1" name="Shadowfax" parent="macOS For All">
  <action id="$Paste">
    <keyboard-shortcut first-keystroke="shift ctrl v" />
  </action>
  <action id="$Undo">
    <keyboard-shortcut first-keystroke="ctrl z" />
    <keyboard-shortcut first-keystroke="ctrl u" />
  </action>
  <action id="ActivateDebugToolWindow">
    <keyboard-shortcut first-keystroke="ctrl 5" />
  </action>
  <action id="ActivateFavoritesToolWindow">
    <keyboard-shortcut first-keystroke="ctrl 2" />
  </action>
  <action id="ActivateProjectToolWindow">
    <keyboard-shortcut first-keystroke="ctrl 1" />
  </action>
  <action id="ActivateRunToolWindow">
    <keyboard-shortcut first-keystroke="ctrl 4" />
  </action>
  <action id="ActivateServicesToolWindow">
    <keyboard-shortcut first-keystroke="ctrl 8" />
  </action>
  <action id="ActivateStructureToolWindow">
    <keyboard-shortcut first-keystroke="ctrl 7" />
  </action>
  <action id="ActivateTODOToolWindow">
    <keyboard-shortcut first-keystroke="ctrl 6" />
  </action>
  <action id="ActivateTerminalToolWindow" />
  <action id="ActivateVersionControlToolWindow">
    <keyboard-shortcut first-keystroke="ctrl 9" />
  </action>
  <action id="Back">
    <keyboard-shortcut first-keystroke="ctrl o" />
  </action>
  <action id="ChangesView.Diff" />
  <action id="ChooseRunConfiguration" />
  <action id="CollapseSelection" />
  <action id="CompareTwoFiles" />
  <action id="CompileDirty">
    <keyboard-shortcut first-keystroke="shift ctrl b" />
  </action>
  <action id="Console.Execute.Multiline" />
  <action id="Console.TableResult.CloneRow" />
  <action id="Console.TableResult.CompareCells" />
  <action id="Console.TableResult.SetDefault" />
  <action id="Console.TableResult.Submit" />
  <action id="DatabaseView.CopyAction" />
  <action id="Debug">
    <keyboard-shortcut first-keystroke="shift ctrl d" />
  </action>
  <action id="DebugClass" />
  <action id="Diff.FocusOppositePane" />
  <action id="Diff.FocusOppositePaneAndScroll" />
  <action id="Diff.ShowDiff" />
  <action id="Diff.ShowSettingsPopup" />
  <action id="DirDiffMenu.SynchronizeDiff.All" />
  <action id="Django.RunManageTaskAction" />
  <action id="DuplicatesForm.SendToLeft" />
  <action id="DuplicatesForm.SendToRight" />
  <action id="Editor Paste">
    <keyboard-shortcut first-keystroke="shift ctrl v" />
  </action>
  <action id="Editor Undo">
    <keyboard-shortcut first-keystroke="ctrl u" />
  </action>
  <action id="EditorChooseLookupItemDot" />
  <action id="EditorDuplicate" />
  <action id="EditorPasteSimple" />
  <action id="EditorSplitLine" />
  <action id="FileChooser.GotoDesktop" />
  <action id="FileChooser.GotoHome" />
  <action id="FileChooser.GotoProject" />
  <action id="Forward">
    <keyboard-shortcut first-keystroke="ctrl i" />
  </action>
  <action id="Generate">
    <keyboard-shortcut first-keystroke="ctrl n" />
  </action>
  <action id="Generate.Missing.Members.ES6" />
  <action id="Generate.Missing.Members.TypeScript" />
  <action id="GotoBookmark1" />
  <action id="GotoBookmark2" />
  <action id="GotoBookmark4" />
  <action id="GotoBookmark5" />
  <action id="GotoBookmark6" />
  <action id="GotoBookmark7" />
  <action id="GotoBookmark8" />
  <action id="GotoBookmark9" />
  <action id="GotoImplementation">
    <mouse-shortcut keystroke="control alt button1" />
  </action>
  <action id="GotoLine" />
  <action id="GotoSuperMethod" />
  <action id="GotoTypeDeclaration">
    <mouse-shortcut keystroke="shift control button1" />
  </action>
  <action id="GuiDesigner.CreateComponent">
    <keyboard-shortcut first-keystroke="ctrl n" />
  </action>
  <action id="ImplementMethods" />
  <action id="InsertLiveTemplate">
    <keyboard-shortcut first-keystroke="ctrl j" />
    <keyboard-shortcut first-keystroke="shift ctrl l" />
  </action>
  <action id="KotlinShellExecute" />
  <action id="NewElement">
    <keyboard-shortcut first-keystroke="ctrl n" />
  </action>
  <action id="NextSplitter">
    <keyboard-shortcut first-keystroke="ctrl l" />
  </action>
  <action id="NextTab">
    <keyboard-shortcut first-keystroke="ctrl tab" />
  </action>
  <action id="PasteMultiple">
    <keyboard-shortcut first-keystroke="shift ctrl alt v" />
  </action>
  <action id="PrevSplitter">
    <keyboard-shortcut first-keystroke="ctrl h" />
  </action>
  <action id="PreviousTab">
    <keyboard-shortcut first-keystroke="shift ctrl tab" />
  </action>
  <action id="QuickImplementations">
    <keyboard-shortcut first-keystroke="alt space" />
  </action>
  <action id="ReplaceInPath">
    <keyboard-shortcut first-keystroke="shift ctrl alt r" />
  </action>
  <action id="Run">
    <keyboard-shortcut first-keystroke="shift ctrl r" />
  </action>
  <action id="RunDashboard.CopyConfiguration" />
  <action id="RunDashboard.Debug" />
  <action id="SendEOF" />
  <action id="ServiceView.AddService">
    <keyboard-shortcut first-keystroke="ctrl n" />
  </action>
  <action id="ShowIntentionActions">
    <keyboard-shortcut first-keystroke="alt enter" />
    <keyboard-shortcut first-keystroke="ctrl enter" />
  </action>
  <action id="SplitHorizontally">
    <keyboard-shortcut first-keystroke="ctrl alt d" />
  </action>
  <action id="SplitVertically">
    <keyboard-shortcut first-keystroke="ctrl d" />
  </action>
  <action id="Stop">
    <keyboard-shortcut first-keystroke="ctrl f2" />
    <keyboard-shortcut first-keystroke="ctrl period" />
  </action>
  <action id="Switcher" />
  <action id="TagDocumentationNavigation" />
  <action id="TypeHierarchy" />
  <action id="Uml.NewElement">
    <keyboard-shortcut first-keystroke="ctrl n" />
  </action>
  <action id="Uml.ShowDiff" />
  <action id="Vcs.Log.FocusTextFilter" />
  <action id="Vcs.QuickListPopupAction" />
  <action id="ViewSource" />
  <action id="hg4idea.QFold" />
  <action id="openAssertEqualsDiff" />
</keymap>